<?xml version="1.0" encoding="UTF-8" ?>
<module>
    <name>prestapros_apiconnector</name>
    <displayName><![CDATA[Prestashop API Connector]]></displayName>
    <version><![CDATA[1.0.0]]></version>
    <description><![CDATA[It will show all details of products in json format.]]></description>
    <author><![CDATA[hirewordpressexperts.com]]></author>
    <tab><![CDATA[front_office_features]]></tab>
	<confirmUninstall><![CDATA[Are you sure you want to uninstall?]]></confirmUninstall>
    <is_configurable>1</is_configurable>
    <need_instance>0</need_instance>
	<limited_countries></limited_countries>
</module>